[
    {
        "key": "group_6387a5f546d35",
        "title": "Ad Placement",
        "fields": [
            {
                "key": "field_639de41a5a438",
                "label": "Ad Unit",
                "name": "",
                "type": "tab",
                "instructions": "",
                "required": 0,
                "conditional_logic": 0,
                "wrapper": {
                    "width": "",
                    "class": "",
                    "id": ""
                },
                "aria-label": "",
                "placement": "top",
                "endpoint": 0
            },
            {
                "key": "field_639de4455a439",
                "label": "Ad",
                "name": "ad",
                "type": "repeater",
                "instructions": "",
                "required": 0,
                "conditional_logic": 0,
                "wrapper": {
                    "width": "",
                    "class": "",
                    "id": ""
                },
                "aria-label": "",
                "layout": "table",
                "pagination": 0,
                "min": 0,
                "max": 0,
                "collapsed": "",
                "button_label": "Add Row",
                "rows_per_page": 20,
                "sub_fields": [
                    {
                        "key": "field_639de45a5a43a",
                        "label": "Ad Link",
                        "name": "ad_link",
                        "type": "text",
                        "instructions": "",
                        "required": 0,
                        "conditional_logic": 0,
                        "wrapper": {
                            "width": "",
                            "class": "",
                            "id": ""
                        },
                        "aria-label": "",
                        "default_value": "",
                        "maxlength": "",
                        "placeholder": "",
                        "prepend": "",
                        "append": "",
                        "parent_repeater": "field_639de4455a439"
                    },
                    {
                        "key": "field_639de46c5a43b",
                        "label": "Ad Image",
                        "name": "ad_image",
                        "type": "image",
                        "instructions": "",
                        "required": 0,
                        "conditional_logic": 0,
                        "wrapper": {
                            "width": "",
                            "class": "",
                            "id": ""
                        },
                        "aria-label": "",
                        "return_format": "array",
                        "library": "all",
                        "min_width": "",
                        "min_height": "",
                        "min_size": "",
                        "max_width": "",
                        "max_height": "",
                        "max_size": "",
                        "mime_types": "",
                        "preview_size": "medium",
                        "parent_repeater": "field_639de4455a439"
                    }
                ]
            },
            {
                "key": "field_639de4a25a43c",
                "label": "Position",
                "name": "position",
                "type": "select",
                "instructions": "",
                "required": 0,
                "conditional_logic": 0,
                "wrapper": {
                    "width": "",
                    "class": "",
                    "id": ""
                },
                "choices": {
                    "header": "Header",
                    "sidebar": "Sidebar",
                    "content-footer": "Content Footer"
                },
                "default_value": false,
                "allow_null": 0,
                "multiple": 0,
                "ui": 0,
                "return_format": "value",
                "ajax": 0,
                "placeholder": ""
            },
            {
                "key": "field_6414ae0e5144b",
                "label": "Scroll Speed",
                "name": "scroll_speed",
                "type": "number",
                "instructions": "Scroll per frame in one second increments.\r\n\r\n1000 = 1 second",
                "required": 0,
                "conditional_logic": 0,
                "wrapper": {
                    "width": "",
                    "class": "",
                    "id": ""
                },
                "default_value": "",
                "placeholder": "",
                "prepend": "",
                "append": "",
                "min": "",
                "max": "",
                "step": ""
            },
            {
                "key": "field_639de5155a43d",
                "label": "Placement",
                "name": "",
                "type": "tab",
                "instructions": "",
                "required": 0,
                "conditional_logic": 0,
                "wrapper": {
                    "width": "",
                    "class": "",
                    "id": ""
                },
                "aria-label": "",
                "placement": "top",
                "endpoint": 0
            },
            {
                "key": "field_63a0c8ddb886c",
                "label": "Ad Placement",
                "name": "ad_placement",
                "type": "relationship",
                "instructions": "",
                "required": 0,
                "conditional_logic": 0,
                "wrapper": {
                    "width": "",
                    "class": "",
                    "id": ""
                },
                "aria-label": "",
                "post_type": "",
                "taxonomy": "",
                "filters": [
                    "search",
                    "post_type",
                    "taxonomy"
                ],
                "return_format": "id",
                "min": "",
                "max": "",
                "elements": ""
            }
        ],
        "location": [
            [
                {
                    "param": "post_type",
                    "operator": "==",
                    "value": "ad_unit"
                }
            ]
        ],
        "menu_order": 0,
        "position": "normal",
        "style": "default",
        "label_placement": "top",
        "instruction_placement": "label",
        "hide_on_screen": "",
        "active": true,
        "description": "",
        "show_in_rest": 1
    }
]